user_id,email,created_at,country
u_1,u_1@mail.com,2025-01-01,PE
u_2,u_2@mail.com,2025-01-01,AR
u_3,u_3@example.com,2025-01-01,US
u_4,u_4@test.org,2025-01-01,PE
u_5,u_5@test.org,2025-01-01,CO
u_6,u_6@mail.com,2025-01-01,AR
u_7,u_7@example.com,2025-01-01,BR
u_8,u_8@mail.com,2025-01-01,AR
u_9,u_9@test.org,2025-01-01,BR
u_10,u_10@test.org,2025-01-01,US
u_11,u_11@test.org,2025-01-01,US
u_12,u_12@example.com,2025-01-01,US
u_13,u_13@test.org,2025-01-01,US
u_14,u_14@test.org,2025-01-01,US
u_15,u_15@mail.com,2025-01-01,US
u_16,u_16@test.org,2025-01-01,BR
u_17,u_17@mail.com,2025-01-01,BR
u_18,u_18@test.org,2025-01-01,ES
u_19,u_19@mail.com,2025-01-01,CO
u_20,u_20@test.org,2025-01-01,US
u_21,u_21@example.com,2025-01-01,ES
u_22,u_22@mail.com,2025-01-01,MX
u_23,u_23@example.com,2025-01-01,MX
u_24,u_24@mail.com,2025-01-01,MX
u_25,u_25@example.com,2025-01-01,US
u_26,u_26@test.org,2025-01-01,PE
u_27,u_27@example.com,2025-01-01,CL
u_28,u_28@mail.com,2025-01-01,CL
u_29,u_29@example.com,2025-01-01,CL
u_30,u_30@mail.com,2025-01-01,PE
u_31,u_31@mail.com,2025-01-01,PE
u_32,u_32@example.com,2025-01-01,CL
u_33,u_33@example.com,2025-01-01,CO
u_34,u_34@mail.com,2025-01-01,US
u_35,u_35@mail.com,2025-01-01,CO
u_36,u_36@mail.com,2025-01-01,MX
u_37,u_37@example.com,2025-01-01,PE
u_38,u_38@test.org,2025-01-01,MX
u_39,u_39@mail.com,2025-01-01,CO
u_40,u_40@example.com,2025-01-01,AR
u_41,u_41@mail.com,2025-01-01,PE
u_42,u_42@example.com,2025-01-01,BR
u_43,u_43@mail.com,2025-01-01,PE
u_44,u_44@example.com,2025-01-01,CO
u_45,u_45@example.com,2025-01-01,PE
u_46,u_46@test.org,2025-01-01,PE
u_47,u_47@test.org,2025-01-01,US
u_48,u_48@example.com,2025-01-01,US
u_49,u_49@test.org,2025-01-01,CO
u_50,u_50@example.com,2025-01-01,MX
u_51,u_51@example.com,2025-01-01,BR
u_52,u_52@mail.com,2025-01-01,ES
u_53,u_53@test.org,2025-01-01,US
u_54,u_54@test.org,2025-01-01,CL
u_55,u_55@test.org,2025-01-01,PE
u_56,u_56@test.org,2025-01-01,MX
u_57,u_57@test.org,2025-01-01,PE
u_58,u_58@mail.com,2025-01-01,AR
u_59,u_59@example.com,2025-01-01,MX
u_60,u_60@mail.com,2025-01-01,CO
u_61,u_61@mail.com,2025-01-01,AR
u_62,u_62@example.com,2025-01-01,MX
u_63,u_63@example.com,2025-01-01,MX
u_64,u_64@test.org,2025-01-01,BR
u_65,u_65@example.com,2025-01-01,PE
u_66,u_66@test.org,2025-01-01,AR
u_67,u_67@mail.com,2025-01-01,AR
u_68,u_68@example.com,2025-01-01,MX
u_69,u_69@mail.com,2025-01-01,AR
u_70,u_70@mail.com,2025-01-01,US
u_71,u_71@mail.com,2025-01-01,ES
u_72,u_72@test.org,2025-01-01,MX
u_73,u_73@example.com,2025-01-01,AR
u_74,u_74@test.org,2025-01-01,AR
u_75,u_75@mail.com,2025-01-01,US
u_76,u_76@mail.com,2025-01-01,CO
u_77,u_77@example.com,2025-01-01,ES
u_78,u_78@example.com,2025-01-01,CL
u_79,u_79@mail.com,2025-01-01,US
u_80,u_80@example.com,2025-01-01,AR
u_81,u_81@test.org,2025-01-01,BR
u_82,u_82@test.org,2025-01-01,CO
u_83,u_83@test.org,2025-01-01,US
u_84,u_84@test.org,2025-01-01,US
u_85,u_85@test.org,2025-01-01,MX
u_86,u_86@mail.com,2025-01-01,CO
u_87,u_87@test.org,2025-01-01,PE
u_88,u_88@mail.com,2025-01-01,CL
u_89,u_89@test.org,2025-01-01,US
u_90,u_90@test.org,2025-01-01,CO
u_91,u_91@example.com,2025-01-01,BR
u_92,u_92@mail.com,2025-01-01,MX
u_93,u_93@test.org,2025-01-01,CL
u_94,u_94@test.org,2025-01-01,CO
u_95,u_95@example.com,2025-01-01,AR
u_96,u_96@example.com,2025-01-01,CO
u_97,u_97@test.org,2025-01-01,CO
u_98,u_98@test.org,2025-01-01,AR
u_99,u_99@test.org,2025-01-01,CO
u_100,u_100@example.com,2025-01-01,MX
u_101,u_101@test.org,2025-01-01,BR
u_102,u_102@example.com,2025-01-01,US
u_103,u_103@test.org,2025-01-01,PE
u_104,u_104@mail.com,2025-01-01,CL
u_105,u_105@mail.com,2025-01-01,BR
u_106,u_106@test.org,2025-01-01,CO
u_107,u_107@example.com,2025-01-01,PE
u_108,u_108@mail.com,2025-01-01,MX
u_109,u_109@mail.com,2025-01-01,US
u_110,u_110@mail.com,2025-01-01,AR
u_111,u_111@test.org,2025-01-01,US
u_112,u_112@test.org,2025-01-01,BR
u_113,u_113@example.com,2025-01-01,US
u_114,u_114@mail.com,2025-01-01,ES
u_115,u_115@example.com,2025-01-01,BR
u_116,u_116@test.org,2025-01-01,AR
u_117,u_117@test.org,2025-01-01,AR
u_118,u_118@test.org,2025-01-01,ES
u_119,u_119@mail.com,2025-01-01,CO
u_120,u_120@mail.com,2025-01-01,PE
u_121,u_121@example.com,2025-01-01,MX
u_122,u_122@example.com,2025-01-01,CO
u_123,u_123@example.com,2025-01-01,CO
u_124,u_124@mail.com,2025-01-01,CL
u_125,u_125@example.com,2025-01-01,CL
u_126,u_126@test.org,2025-01-01,BR
u_127,u_127@mail.com,2025-01-01,MX
u_128,u_128@mail.com,2025-01-01,AR
u_129,u_129@test.org,2025-01-01,MX
u_130,u_130@test.org,2025-01-01,AR
u_131,u_131@mail.com,2025-01-01,AR
u_132,u_132@mail.com,2025-01-01,BR
u_133,u_133@example.com,2025-01-01,BR
u_134,u_134@example.com,2025-01-01,MX
u_135,u_135@example.com,2025-01-01,CO
u_136,u_136@test.org,2025-01-01,BR
u_137,u_137@mail.com,2025-01-01,BR
u_138,u_138@mail.com,2025-01-01,AR
u_139,u_139@example.com,2025-01-01,AR
u_140,u_140@example.com,2025-01-01,BR
u_141,u_141@test.org,2025-01-01,MX
u_142,u_142@test.org,2025-01-01,AR
u_143,u_143@test.org,2025-01-01,AR
u_144,u_144@mail.com,2025-01-01,PE
u_145,u_145@test.org,2025-01-01,CL
u_146,u_146@test.org,2025-01-01,US
u_147,u_147@example.com,2025-01-01,CO
u_148,u_148@example.com,2025-01-01,MX
u_149,u_149@mail.com,2025-01-01,US
u_150,u_150@mail.com,2025-01-01,AR
u_151,u_151@mail.com,2025-01-01,CO
u_152,u_152@mail.com,2025-01-01,BR
u_153,u_153@mail.com,2025-01-01,US
u_154,u_154@test.org,2025-01-01,ES
u_155,u_155@example.com,2025-01-01,US
u_156,u_156@example.com,2025-01-01,AR
u_157,u_157@mail.com,2025-01-01,ES
u_158,u_158@test.org,2025-01-01,ES
u_159,u_159@mail.com,2025-01-01,MX
u_160,u_160@test.org,2025-01-01,US
u_161,u_161@mail.com,2025-01-01,CL
u_162,u_162@mail.com,2025-01-01,ES
u_163,u_163@example.com,2025-01-01,AR
u_164,u_164@example.com,2025-01-01,CL
u_165,u_165@mail.com,2025-01-01,CL
u_166,u_166@test.org,2025-01-01,ES
u_167,u_167@mail.com,2025-01-01,BR
u_168,u_168@mail.com,2025-01-01,AR
u_169,u_169@example.com,2025-01-01,US
u_170,u_170@example.com,2025-01-01,CO
u_171,u_171@test.org,2025-01-01,ES
u_172,u_172@mail.com,2025-01-01,ES
u_173,u_173@test.org,2025-01-01,MX
u_174,u_174@mail.com,2025-01-01,US
u_175,u_175@mail.com,2025-01-01,ES
u_176,u_176@example.com,2025-01-01,BR
u_177,u_177@example.com,2025-01-01,CO
u_178,u_178@test.org,2025-01-01,MX
u_179,u_179@mail.com,2025-01-01,CO
u_180,u_180@test.org,2025-01-01,CO
u_181,u_181@mail.com,2025-01-01,CL
u_182,u_182@example.com,2025-01-01,CO
u_183,u_183@mail.com,2025-01-01,CO
u_184,u_184@mail.com,2025-01-01,MX
u_185,u_185@example.com,2025-01-01,CO
u_186,u_186@test.org,2025-01-01,BR
u_187,u_187@mail.com,2025-01-01,BR
u_188,u_188@mail.com,2025-01-01,CO
u_189,u_189@test.org,2025-01-01,ES
u_190,u_190@example.com,2025-01-01,ES
u_191,u_191@example.com,2025-01-01,CL
u_192,u_192@mail.com,2025-01-01,BR
u_193,u_193@test.org,2025-01-01,BR
u_194,u_194@mail.com,2025-01-01,MX
u_195,u_195@mail.com,2025-01-01,AR
u_196,u_196@test.org,2025-01-01,ES
u_197,u_197@test.org,2025-01-01,US
u_198,u_198@mail.com,2025-01-01,CO
u_199,u_199@example.com,2025-01-01,US
u_200,u_200@mail.com,2025-01-01,US
u_201,u_201@test.org,2025-01-01,CO
u_202,u_202@example.com,2025-01-01,ES
u_203,u_203@example.com,2025-01-01,AR
u_204,u_204@example.com,2025-01-01,AR
u_205,u_205@test.org,2025-01-01,US
u_206,u_206@test.org,2025-01-01,ES
u_207,u_207@example.com,2025-01-01,PE
u_208,u_208@test.org,2025-01-01,US
u_209,u_209@mail.com,2025-01-01,US
u_210,u_210@test.org,2025-01-01,AR
u_211,u_211@test.org,2025-01-01,AR
u_212,u_212@test.org,2025-01-01,ES
u_213,u_213@mail.com,2025-01-01,AR
u_214,u_214@example.com,2025-01-01,CL
u_215,u_215@example.com,2025-01-01,ES
u_216,u_216@mail.com,2025-01-01,AR
u_217,u_217@test.org,2025-01-01,AR
u_218,u_218@mail.com,2025-01-01,CO
u_219,u_219@example.com,2025-01-01,US
u_220,u_220@mail.com,2025-01-01,CL
u_221,u_221@example.com,2025-01-01,CL
u_222,u_222@mail.com,2025-01-01,AR
u_223,u_223@mail.com,2025-01-01,BR
u_224,u_224@test.org,2025-01-01,CL
u_225,u_225@test.org,2025-01-01,MX
u_226,u_226@mail.com,2025-01-01,AR
u_227,u_227@test.org,2025-01-01,MX
u_228,u_228@test.org,2025-01-01,CO
u_229,u_229@example.com,2025-01-01,CO
u_230,u_230@test.org,2025-01-01,CL
u_231,u_231@test.org,2025-01-01,AR
u_232,u_232@test.org,2025-01-01,PE
u_233,u_233@mail.com,2025-01-01,ES
u_234,u_234@example.com,2025-01-01,US
u_235,u_235@mail.com,2025-01-01,US
u_236,u_236@test.org,2025-01-01,BR
u_237,u_237@mail.com,2025-01-01,US
u_238,u_238@example.com,2025-01-01,BR
u_239,u_239@test.org,2025-01-01,MX
u_240,u_240@test.org,2025-01-01,MX
u_241,u_241@example.com,2025-01-01,AR
u_242,u_242@test.org,2025-01-01,CL
u_243,u_243@example.com,2025-01-01,ES
u_244,u_244@mail.com,2025-01-01,US
u_245,u_245@example.com,2025-01-01,BR
u_246,u_246@example.com,2025-01-01,MX
u_247,u_247@example.com,2025-01-01,BR
u_248,u_248@test.org,2025-01-01,US
u_249,u_249@mail.com,2025-01-01,MX
u_250,u_250@mail.com,2025-01-01,CO
u_251,u_251@example.com,2025-01-01,BR
u_252,u_252@mail.com,2025-01-01,PE
u_253,u_253@mail.com,2025-01-01,BR
u_254,u_254@example.com,2025-01-01,US
u_255,u_255@example.com,2025-01-01,CL
u_256,u_256@mail.com,2025-01-01,AR
u_257,u_257@example.com,2025-01-01,MX
u_258,u_258@mail.com,2025-01-01,CL
u_259,u_259@mail.com,2025-01-01,CL
u_260,u_260@example.com,2025-01-01,BR
u_261,u_261@test.org,2025-01-01,CL
u_262,u_262@example.com,2025-01-01,PE
u_263,u_263@test.org,2025-01-01,PE
u_264,u_264@example.com,2025-01-01,AR
u_265,u_265@test.org,2025-01-01,CL
u_266,u_266@test.org,2025-01-01,ES
u_267,u_267@mail.com,2025-01-01,ES
u_268,u_268@example.com,2025-01-01,ES
u_269,u_269@mail.com,2025-01-01,AR
u_270,u_270@mail.com,2025-01-01,BR
u_271,u_271@test.org,2025-01-01,CO
u_272,u_272@mail.com,2025-01-01,ES
u_273,u_273@mail.com,2025-01-01,AR
u_274,u_274@test.org,2025-01-01,ES
u_275,u_275@example.com,2025-01-01,US
u_276,u_276@mail.com,2025-01-01,US
u_277,u_277@test.org,2025-01-01,CO
u_278,u_278@example.com,2025-01-01,AR
u_279,u_279@example.com,2025-01-01,CL
u_280,u_280@mail.com,2025-01-01,MX
u_281,u_281@test.org,2025-01-01,PE
u_282,u_282@example.com,2025-01-01,ES
u_283,u_283@example.com,2025-01-01,CL
u_284,u_284@test.org,2025-01-01,MX
u_285,u_285@test.org,2025-01-01,US
u_286,u_286@mail.com,2025-01-01,AR
u_287,u_287@test.org,2025-01-01,BR
u_288,u_288@test.org,2025-01-01,CO
u_289,u_289@test.org,2025-01-01,US
u_290,u_290@mail.com,2025-01-01,MX
u_291,u_291@example.com,2025-01-01,ES
u_292,u_292@mail.com,2025-01-01,CO
u_293,u_293@test.org,2025-01-01,PE
u_294,u_294@example.com,2025-01-01,ES
u_295,u_295@example.com,2025-01-01,US
u_296,u_296@mail.com,2025-01-01,AR
u_297,u_297@example.com,2025-01-01,CL
u_298,u_298@mail.com,2025-01-01,PE
u_299,u_299@mail.com,2025-01-01,MX
u_300,u_300@test.org,2025-01-01,AR
